device_id,id,name,coordinates,precise
WA546164,1,1 Green Planet,"[-122.19699064903253, 47.49902565156954]",1
WA546164,2,EWC Group Recyclers/eWaste Center,"[-122.23015963874957, 47.39918336447823]",1
WA546164,3,"Canada, Vancouver Port area","[-123.10969537747143, 49.311940748353905]",0
WA546164,4,"Hong Kong, Port of Hong Kong","[114.133333, 22.333333]",0
WA546164,5,"Hong Kong, New Territories","[114.1234, 22.3704]",0